{
  "hash": "4a3da199",
  "configHash": "56872740",
  "lockfileHash": "dfb47fdd",
  "browserHash": "63ebe277",
  "optimized": {
    "@angular/core": {
      "src": "../../../../../../node_modules/@angular/core/fesm2022/core.mjs",
      "file": "@angular_core.js",
      "fileHash": "2cbc34ca",
      "needsInterop": false
    },
    "@angular/platform-browser": {
      "src": "../../../../../../node_modules/@angular/platform-browser/fesm2022/platform-browser.mjs",
      "file": "@angular_platform-browser.js",
      "fileHash": "94490739",
      "needsInterop": false
    },
    "@angular/router": {
      "src": "../../../../../../node_modules/@angular/router/fesm2022/router.mjs",
      "file": "@angular_router.js",
      "fileHash": "05dbef17",
      "needsInterop": false
    },
    "@angular/common/http": {
      "src": "../../../../../../node_modules/@angular/common/fesm2022/http.mjs",
      "file": "@angular_common_http.js",
      "fileHash": "3e269a51",
      "needsInterop": false
    },
    "@angular/common": {
      "src": "../../../../../../node_modules/@angular/common/fesm2022/common.mjs",
      "file": "@angular_common.js",
      "fileHash": "d5f086cc",
      "needsInterop": false
    },
    "@angular/forms": {
      "src": "../../../../../../node_modules/@angular/forms/fesm2022/forms.mjs",
      "file": "@angular_forms.js",
      "fileHash": "288aa83c",
      "needsInterop": false
    }
  },
  "chunks": {
    "chunk-YMUEEQRX": {
      "file": "chunk-YMUEEQRX.js"
    },
    "chunk-JJJAALSB": {
      "file": "chunk-JJJAALSB.js"
    },
    "chunk-54L2ORA5": {
      "file": "chunk-54L2ORA5.js"
    },
    "chunk-KCSUZAPK": {
      "file": "chunk-KCSUZAPK.js"
    }
  }
}